pdf_name,total_elements,total_headings,mean_confidence,json_file
file01,25,1,0.3433364281709235,file01.json
file02,50,47,0.6304459043627076,file02.json
file03,53,35,0.4545480731030273,file03.json
file04,24,21,0.4424678763883348,file04.json
file05,3,0,0.3973928521641937,file05.json
