page_num,block_num,line_num,text,font_size,font_name,is_bold,is_italic,is_superscript,position_x,position_y,line_width,line_height,page_width,page_height,char_count,word_count,horizontal_position,relative_x,relative_y,distance_from_left,distance_from_right,distance_from_top,distance_from_bottom,is_all_caps,is_title_case,has_numbers,starts_with_number,space_above,space_below,font_size_ratio,is_largest_font,is_above_avg_font,preservation_reason
1,3,0,TOPJUMP,12.413744926452637,Helvetica,False,False,False,131.43539428710938,458.4438171386719,67.16630554199219,17.0418701171875,326.0400085449219,686.0399780273438,7,1,middle,0.40312658214459646,0.668246504317274,131.43539428710938,127.43830871582031,458.4438171386719,227.59616088867188,True,False,False,False,-2.87847900390625,-3.11834716796875,0.4655297636729455,False,False,font_ratio
1,4,0,RSVP: ----------------,26.66584587097168,Times-Roman,False,False,False,29.48900032043457,523.3318481445312,267.33952140808105,25.85968017578125,326.0400085449219,686.0399780273438,22,2,left,0.09044595616360245,0.7628299587574073,29.48900032043457,29.21148681640625,523.3318481445312,162.7081298828125,True,False,False,False,9.61370849609375,6.5562744140625,1.0,True,True,font_ratio
1,6,3,HOPE To SEE Y ou T HERE !,26.402799606323242,Helvetica-Bold,True,False,False,33.418800354003906,598.6004028320312,273.3507614135742,36.36175537109375,326.0400085449219,686.0399780273438,25,8,left,0.1024990782669528,0.8725444901232455,33.418800354003906,19.27044677734375,598.6004028320312,87.4395751953125,False,False,False,False,-1.3712158203125,-10.46246337890625,0.9901354614467794,False,True,font_ratio
